date,open,high,low,close,volume
2021-07-21,62.955,63.595,62.76,62.79,90674
2021-07-22,62.955,63.385,62.85,62.97,78419
2021-07-23,63.1,63.965,63.04,63.86,65296
2021-07-26,63.81,64.1,63.5,63.735,114459
2021-07-27,63.58,64.825,63.29,64.55,201587
2021-07-28,64.58,64.63,63.635,63.98,83117
2021-07-29,63.875,64.67,63.71,64.48,162908
2021-07-30,64.34,64.86,63.71,63.885,101311
2021-08-02,63.845,64.39,63.77,64.06,58018
2021-08-03,64.04,64.54,63.715,64.135,100070
2021-08-04,63.875,64.15,63.17,64.02,58524
2021-08-05,64.17,64.8,63.98,64.78,93264
2021-08-06,64.93,65.09,64.51,64.69,38063
2021-08-09,64.78,64.9,64.4,64.855,47586
2021-08-10,64.89,65.42,64.595,65.23,46346
2021-08-11,65.32,65.99,65.25,65.67,62239
2021-08-12,65.64,65.965,65.55,65.71,70605
2021-08-13,65.17,65.63,64.98,65.54,89882
2021-08-16,65.63,66.85,65.57,66.38,153009
2021-08-17,66.25,66.59,65.9,66.435,59999
2021-08-18,66.34,66.52,65.805,66.01,142419
2021-08-19,66.05,66.71,66.05,66.375,78700
2021-08-20,66.06,67.45,65.96,67.335,69556
2021-08-23,67.15,67.265,66.62,66.67,67404
2021-08-24,66.61,66.61,65.445,65.73,102420
2021-08-25,65.68,66.16,65.445,65.88,39643
2021-08-26,65.86,66.27,65.7,66.135,90772
2021-08-27,66.27,66.35,65.85,65.98,51233
2021-08-30,65.72,65.98,65.655,65.75,75732
2021-08-31,65.53,65.935,65.4,65.72,78684
2021-09-01,65.96,66.74,65.9,66.48,66365
2021-09-02,66.6,66.97,66.55,66.87,58288
2021-09-03,66.67,66.755,66.2,66.25,50332
2021-09-07,66.84,67.105,66.07,66.19,194510
2021-09-08,66.09,67.455,66.09,67.3,166092
2021-09-09,67.19,67.52,67.115,67.17,129571
2021-09-10,67.02,67.03,66.11,66.21,55293
2021-09-13,66.665,66.84,66.08,66.29,61395
2021-09-14,66.46,66.61,65.785,65.96,77253
2021-09-15,65.96,66.33,65.425,66.03,55455
2021-09-16,66.215,66.215,65.245,65.37,51821
2021-09-17,65.08,65.36,64.09,64.13,128554
2021-09-20,64.075,64.47,63.32,63.96,61111
2021-09-21,64.085,64.61,63.82,63.82,56514
2021-09-22,64.06,64.13,63.52,63.61,47894
2021-09-23,63.5,64.06,63.325,63.4,61087
2021-09-24,63.4,63.73,63.005,63.15,75485
2021-09-27,63.2,63.7,62.4,62.44,70389
2021-09-28,62.52,62.59,61.57,61.95,106027
2021-09-29,62.07,63.12,61.91,62.64,81268
2021-09-30,62.81,62.83,61.93,61.96,91776
2021-10-01,62.315,62.34,61.66,61.685,59486
2021-10-04,61.63,62.63,61.5,62.43,164933
2021-10-05,62.65,62.825,61.935,62.055,72184
2021-10-06,61.9,62.78,61.48,62.75,71212
2021-10-07,62.88,63.455,62.52,62.67,51034
2021-10-08,62.71,62.95,62.39,62.56,54560
2021-10-11,62.415,62.415,61.77,61.91,59849
2021-10-12,61.965,62.4,61.84,62.1,81047
2021-10-13,62.09,62.555,61.55,62.52,60439
2021-10-14,62.66,63.335,62.62,63.25,78521
2021-10-15,63.26,63.695,63.03,63.12,46615
2021-10-18,62.63,62.75,62.035,62.45,83847
2021-10-19,62.61,63.15,62.58,62.97,78016
2021-10-20,63.26,63.97,63.26,63.72,52698
2021-10-21,63.92,64.18,63.8,64.15,90078
2021-10-22,64.17,64.21,62.905,62.94,194110
2021-10-26,62.97,63.84,62.89,63.28,104052
2021-10-27,63.42,63.42,62.59,62.63,100015
2021-10-28,62.57,62.81,62.275,62.73,93076
2021-10-29,62.72,63.075,62.095,62.32,67545
2021-11-01,62.4,62.72,62.2,62.48,59453
2021-11-02,62.65,62.65,62.085,62.49,60346
2021-11-03,62.35,62.7,61.95,62.53,83244
2021-11-04,62.605,62.73,61.77,62.49,239341
2021-11-05,62.625,63.335,62.625,63.1,103244
2021-11-08,63.32,63.33,62.275,62.61,44675
2021-11-09,62.66,63.57,62.565,63.33,94678
2021-11-10,63.01,63.89,63.0,63.86,56539
2021-11-11,63.64,63.755,62.735,63.04,87542
2021-11-12,62.36,62.36,61.64,61.88,74407
2021-11-15,62.14,62.39,61.8,62.19,60676
2021-11-16,62.34,62.63,61.98,61.99,47180
2021-11-17,62.01,62.265,61.525,62.165,112849
2021-11-18,61.95,62.0,61.485,61.63,79839
2021-11-19,61.73,62.73,61.55,62.68,180225
2021-11-22,62.405,63.2,62.3,63.135,87313
2021-11-23,63.24,63.53,62.91,63.035,50579
2021-11-24,63.08,63.235,62.73,63.1,66314
2021-11-26,62.7,63.04,61.96,62.09,35151
2021-11-29,62.16,62.99,62.01,62.8,108248
2021-11-30,62.63,62.64,61.015,61.1,90050
2021-12-01,61.41,62.605,61.1,61.1,65838
2021-12-02,61.35,62.74,61.35,62.02,99113
2021-12-03,62.34,62.84,61.84,62.83,118269
2021-12-06,63.83,65.9,63.83,64.63,268714
2021-12-07,64.4,64.865,63.98,64.46,131710
2021-12-08,64.48,64.91,64.27,64.76,87259
2021-12-09,64.75,64.895,64.07,64.58,93274
2021-12-10,64.88,65.44,64.615,65.09,89327
2021-12-13,65.055,66.55,65.055,66.17,146637
2021-12-14,66.16,66.41,65.685,65.99,202524
2021-12-15,65.885,67.02,65.775,66.76,106814
2021-12-16,66.69,67.65,66.6,67.56,99390
2021-12-17,67.49,68.17,66.81,66.84,188088
2021-12-20,66.16,67.24,65.735,67.13,73048
2021-12-21,67.38,67.49,66.29,66.38,87846
2021-12-22,66.32,66.735,66.27,66.64,35847
2021-12-23,66.72,67.04,66.525,66.53,33040
2021-12-27,66.67,66.98,66.41,66.96,42633
2021-12-28,67.16,67.73,67.07,67.73,47968
2021-12-29,67.745,68.105,67.69,68.07,45516
2021-12-30,68.28,68.42,67.8,68.37,97428
2021-12-31,68.33,68.865,68.19,68.58,44849
2022-01-03,68.4,68.4,67.39,68.17,57035
2022-01-04,68.0,69.115,68.0,68.18,86429
2022-01-05,67.8,68.955,67.8,68.24,74046
2022-01-06,68.21,68.7,67.93,68.195,87584
2022-01-07,68.06,69.13,67.5,68.63,67089
2022-01-10,68.64,69.22,68.375,68.53,148468
2022-01-11,68.38,68.62,67.24,67.66,144554
2022-01-12,67.35,67.94,67.2,67.79,55583
2022-01-13,67.65,68.53,67.55,68.35,83062
2022-01-14,68.5,68.725,67.965,68.65,110167
2022-01-18,68.38,68.46,67.34,68.02,80375
2022-01-19,68.11,68.905,67.78,68.34,67472
2022-01-20,68.47,68.905,67.79,67.87,140036
2022-01-21,68.4,68.65,67.67,67.82,170698
2022-01-24,67.86,68.09,66.5,66.99,30210
2022-01-25,66.91,67.77,66.705,67.235,236644
2022-01-26,67.215,67.98,66.69,66.93,143292
2022-01-27,67.61,68.685,67.545,68.04,246323
2022-01-28,67.85,69.02,67.64,69.02,115644
2022-01-31,68.29,69.765,68.29,69.48,200124
2022-02-01,69.08,69.24,67.46,67.96,125734
2022-02-02,67.87,68.93,67.59,68.81,169337
2022-02-03,69.07,69.38,68.45,69.23,154457
2022-02-04,68.6,69.28,68.145,68.68,109662
2022-02-07,67.88,68.11,67.215,67.64,193313
2022-02-08,68.16,68.26,67.65,67.915,68432
2022-02-09,68.26,68.38,67.705,68.06,66485
2022-02-10,67.75,67.76,65.815,65.91,178704
2022-02-11,66.2,67.12,66.2,66.78,159910
2022-02-14,66.5,66.675,65.18,65.84,161917
2022-02-15,66.36,66.46,64.66,65.015,115362
2022-02-16,65.43,65.43,64.33,64.875,180388
2022-02-17,63.88,65.09,63.47,64.81,350857
2022-02-18,63.78,64.27,63.45,63.765,237048
2022-02-22,63.86,64.5,63.175,64.29,176041
2022-02-23,64.31,64.42,62.735,62.83,135737
2022-02-24,62.65,62.97,61.79,62.885,213908
2022-02-25,63.51,65.075,63.33,65.04,183612
2022-02-28,64.44,64.95,64.13,64.745,237372
2022-03-01,64.8,64.97,63.01,64.1,223311
2022-03-02,64.17,64.8,63.99,64.56,140860
2022-03-03,64.905,66.735,64.905,66.4,164116
2022-03-04,65.92,67.61,65.83,67.58,273531
2022-03-07,67.75,69.635,66.905,69.24,420721
2022-03-09,68.24,68.41,67.07,67.13,183154
2022-03-10,66.885,68.74,66.885,68.61,133196
2022-03-11,68.45,69.14,68.43,68.69,96575
2022-03-14,69.19,69.43,68.28,68.63,103401
2022-03-15,69.465,69.465,68.34,68.67,112768
2022-03-16,68.465,68.65,67.49,68.5,147743
2022-03-17,68.685,69.09,68.24,68.39,191104
2022-03-18,68.53,68.78,67.61,68.01,123135
2022-03-21,68.35,69.22,68.24,68.89,132711
2022-03-22,68.99,69.03,68.24,68.83,88884
2022-03-23,68.88,69.23,68.39,68.79,88688
2022-03-24,68.87,69.58,68.75,69.31,98764
2022-03-25,69.49,70.92,69.49,70.92,129932
2022-03-28,70.925,71.13,70.34,70.99,89008
2022-03-29,71.06,72.06,70.8,72.06,228973
2022-03-30,72.0,72.49,71.79,72.49,102318
2022-03-31,72.48,73.16,72.42,72.49,124298
2022-04-01,72.33,74.18,71.965,74.1,183189
2022-04-04,73.455,73.55,72.51,73.14,146712
2022-04-05,73.385,75.14,73.33,74.34,200685
2022-04-06,74.68,76.52,74.51,76.52,211732
2022-04-07,76.1,76.18,75.06,75.78,183358
2022-04-08,76.08,76.675,75.64,76.52,186065
2022-04-11,76.67,76.85,74.37,74.49,175064
2022-04-12,74.3,75.905,74.02,75.53,302852
2022-04-13,75.54,75.61,74.57,75.4,153749
2022-04-14,75.405,76.25,75.0,75.99,152852
2022-04-18,76.0,76.55,75.46,75.83,107330
2022-04-19,76.15,76.43,75.46,76.28,105608
2022-04-20,76.86,77.02,76.4,76.5,179523
2022-04-21,76.28,77.23,76.11,76.465,176205
2022-04-22,76.52,76.785,75.82,75.9,159821
2022-04-25,76.21,76.3,73.955,75.01,255131
2022-04-26,74.69,75.41,73.73,73.77,136692
2022-04-27,73.82,74.5,72.88,73.49,218612
2022-04-28,74.7,76.12,74.15,75.605,234524
2022-04-29,75.17,75.17,73.28,73.385,181511
2022-05-02,74.01,74.24,72.16,73.2,187761
2022-05-03,73.32,74.49,72.88,73.12,134294
2022-05-04,73.53,74.77,73.3,74.58,248609
2022-05-05,74.43,75.13,73.45,74.08,157614
2022-05-06,73.585,74.86,73.515,74.695,199845
2022-05-09,74.07,75.0,73.3,74.24,306983
2022-05-10,74.23,75.34,72.56,73.2,197346
2022-05-11,73.345,74.985,73.33,73.98,223480
2022-05-12,74.15,74.24,72.57,74.09,234133
2022-05-13,73.89,73.89,72.68,73.64,136394
2022-05-16,74.03,74.595,73.605,74.24,184576
2022-05-17,74.5,74.6,72.92,74.15,157698
2022-05-18,74.57,74.75,73.65,73.84,165549
2022-05-19,73.53,73.73,72.54,73.36,165104
2022-05-20,73.165,73.73,72.44,73.4,177184
2022-05-23,74.15,74.66,73.44,74.15,149605
2022-05-24,74.45,75.93,74.015,75.65,240657
2022-05-25,75.83,76.06,75.14,75.7,162915
2022-05-26,76.12,76.17,75.25,75.33,101732
2022-05-27,75.3,76.08,75.12,76.07,142015
2022-05-31,75.385,75.97,75.0,75.68,177571
2022-06-01,75.64,75.905,74.77,75.54,152633
2022-06-02,76.1,76.195,74.15,75.95,175919
2022-06-03,75.72,75.91,75.125,75.27,98603
2022-06-06,75.55,75.93,75.3,75.35,124046
2022-06-07,75.25,75.705,74.84,75.68,76262
2022-06-08,75.38,75.58,74.57,74.63,91229
2022-06-09,74.75,75.4,72.84,72.89,182678
2022-06-10,72.49,72.77,71.665,72.15,203521
2022-06-13,71.355,71.545,68.43,68.76,331970
2022-06-14,68.8,68.83,66.105,66.82,286975
2022-06-15,67.16,67.45,65.695,66.57,302159
2022-06-16,65.81,66.28,64.98,66.28,331222
2022-06-17,66.32,66.56,64.8,65.375,213484
2022-06-21,65.78,67.42,65.67,67.16,254941
2022-06-22,66.905,68.225,66.905,67.66,232538
2022-06-23,68.13,69.43,67.96,69.27,267497
2022-06-24,69.5,70.03,69.27,69.86,159821
2022-06-27,69.44,70.675,69.35,70.35,168274
2022-06-28,70.61,71.43,70.57,70.65,215389
2022-06-29,70.89,71.29,70.345,70.68,143839
2022-06-30,70.41,71.69,70.19,71.35,262110
2022-07-01,71.74,73.24,71.51,73.15,177352
2022-07-05,72.96,72.96,69.85,70.8,189187
2022-07-06,71.15,72.22,70.65,71.49,114705
2022-07-07,71.62,72.08,71.14,71.27,109491
2022-07-08,71.3,71.44,70.825,71.16,78434
2022-07-11,71.22,71.78,70.925,71.78,86927
2022-07-12,71.55,72.52,71.4,72.0,157488
2022-07-13,71.44,72.12,71.22,71.24,162221
2022-07-14,70.04,71.955,69.97,71.86,153046
2022-07-15,72.13,72.46,71.49,72.31,97098
2022-07-18,72.13,72.17,71.42,71.69,130827
2022-07-19,72.06,72.275,71.58,71.695,115436
2022-07-20,71.94,71.96,70.76,70.92,280884
2022-07-21,70.77,71.06,70.375,70.84,164075
2022-07-22,71.375,71.95,71.17,71.95,143803
2022-07-25,71.77,72.7,71.615,72.68,102769
2022-07-26,72.65,73.645,72.65,73.545,90157
2022-07-27,73.13,73.445,72.57,73.2,285336
2022-07-28,73.83,76.0,73.27,75.82,265511
2022-07-29,75.74,77.6,75.68,76.89,274194
2022-08-01,76.85,77.27,76.16,76.69,165226
2022-08-02,77.055,77.485,75.865,75.91,182667
2022-08-03,75.62,77.4,74.79,77.26,158252
2022-08-04,77.55,78.75,77.55,77.98,197810
2022-08-05,77.795,77.85,76.43,77.25,132557
2022-08-08,78.0,78.09,76.95,77.2,100512
2022-08-09,77.52,78.405,77.52,78.25,106280
2022-08-10,78.48,78.58,77.97,78.265,67429
2022-08-11,78.25,78.82,77.715,77.92,132166
2022-08-12,77.655,78.15,77.52,78.05,145505
2022-08-15,78.105,78.63,77.965,78.37,235251
2022-08-16,78.39,79.375,78.39,79.08,94091
2022-08-17,78.88,79.54,78.84,79.245,99627
2022-08-18,79.47,79.945,79.23,79.72,83498
2022-08-19,79.97,80.51,79.6,80.18,114169
2022-08-22,79.91,80.04,78.905,79.14,74656
2022-08-23,78.99,79.0,78.51,78.84,56766
2022-08-24,78.925,78.98,78.315,78.89,95851
2022-08-25,78.66,79.13,78.3,79.13,66323
2022-08-26,79.17,79.35,78.14,78.21,92047
2022-08-29,77.74,79.24,77.57,78.68,94862
2022-08-30,78.58,78.61,77.26,77.6,74125
2022-08-31,77.69,78.07,77.08,77.11,123108
2022-09-01,77.31,78.9,77.31,78.78,133020
2022-09-02,78.91,79.62,77.62,77.86,107176
2022-09-06,78.21,78.94,77.595,77.78,135176
2022-09-07,78.31,79.93,78.31,79.75,155106
2022-09-08,79.3,80.015,79.045,79.41,78456
2022-09-09,79.75,80.07,79.21,79.52,237814
2022-09-12,79.74,80.31,79.415,80.18,96321
2022-09-13,79.46,79.69,77.9,78.23,85311
2022-09-14,78.47,79.71,78.47,79.43,117209
2022-09-15,78.96,79.04,77.235,77.3,102521
2022-09-16,77.22,77.805,76.92,77.22,198656
2022-09-19,76.89,78.315,76.7,78.27,103227
2022-09-20,77.88,77.88,76.43,77.23,81838
2022-09-21,77.87,78.21,76.14,76.14,133203
2022-09-22,76.13,76.53,75.605,75.945,119919
2022-09-23,75.34,75.505,74.33,75.0,118899
2022-09-26,74.83,74.83,72.22,73.19,157788
2022-09-27,73.545,73.545,71.47,71.74,106950
2022-09-28,72.59,72.92,71.68,72.49,120582
2022-09-29,72.33,72.34,69.29,69.37,168956
2022-09-30,69.675,70.07,67.85,68.07,285250
2022-10-03,69.26,70.26,68.56,69.74,152769
2022-10-04,69.88,71.07,69.385,70.68,135434
2022-10-05,69.78,69.86,68.445,68.71,121542
2022-10-06,68.35,68.35,65.68,65.75,201365
2022-10-07,65.82,65.91,63.795,64.12,186805
2022-10-10,64.45,64.94,63.955,64.0,87560
2022-10-11,63.67,64.51,63.41,63.63,193629
2022-10-12,63.47,63.78,61.485,61.505,163569
2022-10-13,61.06,64.14,60.76,64.05,170063
2022-10-14,64.715,65.7,63.23,63.545,204325
2022-10-17,64.56,65.11,64.19,64.31,108046
2022-10-18,65.15,65.85,64.84,65.48,133522
2022-10-19,64.4,65.11,64.205,64.69,103063
2022-10-20,64.825,64.825,63.4,63.5,152187
2022-10-21,63.62,64.785,63.38,64.49,204444
2022-10-24,64.6,64.945,63.83,64.6,140873
2022-10-25,64.745,65.785,64.74,65.71,99227
2022-10-26,66.11,66.38,65.13,65.6,136289
2022-10-27,66.31,66.85,65.02,65.13,243095
2022-10-28,65.66,67.09,65.64,66.37,162707
2022-10-31,66.065,66.23,65.18,65.47,93840
2022-11-01,65.64,66.02,65.0,65.52,85542
2022-11-02,65.63,66.56,64.78,64.78,114999
2022-11-03,64.355,65.44,63.91,64.84,209588
2022-11-04,65.12,65.29,64.02,64.93,132834
2022-11-07,64.77,64.77,62.435,63.35,116398
2022-11-08,63.54,64.365,63.42,63.98,100356
2022-11-09,63.89,64.335,63.32,63.45,82514
2022-11-10,65.08,65.78,64.05,65.65,228898
2022-11-11,65.765,65.84,64.54,65.1,178010
2022-11-14,65.45,65.815,64.525,64.54,105720
2022-11-15,65.26,65.92,64.68,65.9,156340
2022-11-16,66.085,66.45,65.52,65.86,172083
2022-11-17,65.42,65.71,64.625,64.93,174809
2022-11-18,64.83,65.62,64.41,65.59,141792
2022-11-21,65.82,65.89,65.15,65.75,81692
2022-11-22,66.06,66.425,65.555,65.94,152339
2022-11-23,65.765,66.38,65.625,66.34,104137
2022-11-25,66.75,67.18,66.63,66.86,30561
2022-11-28,66.49,66.675,65.585,65.88,193004
2022-11-29,65.435,65.755,65.08,65.71,120223
2022-11-30,65.55,67.81,65.55,67.52,203135
2022-12-01,68.06,68.535,67.18,67.735,171368
2022-12-02,67.17,67.535,66.79,67.32,150024
2022-12-05,66.88,67.77,66.71,67.525,151997
2022-12-06,67.82,68.505,67.82,68.46,164224
2022-12-07,68.45,69.23,68.255,68.47,223027
2022-12-08,68.33,69.115,68.19,68.69,100382
2022-12-09,68.3,68.725,68.05,68.35,88237
2022-12-12,69.82,71.105,69.29,71.005,148818
2022-12-13,71.81,72.36,70.47,71.21,152496
2022-12-14,71.67,72.025,70.53,71.16,165320
2022-12-15,70.635,71.37,70.175,70.43,369508
2022-12-16,69.905,70.23,68.41,69.42,326931
2022-12-19,69.17,69.44,68.505,68.91,86093
2022-12-20,68.555,70.0,68.505,69.49,161864
2022-12-21,69.72,71.17,69.62,70.72,162409
2022-12-22,70.29,70.8,69.75,70.77,112612
2022-12-23,70.81,71.735,70.74,71.735,82629
2022-12-27,71.79,72.42,71.43,72.27,63700
2022-12-28,72.28,72.82,71.48,71.65,63043
2022-12-29,71.94,72.46,71.94,72.19,69155
2022-12-30,72.235,72.235,70.825,71.42,70785
2023-01-03,71.35,71.95,70.69,71.905,142530
2023-01-04,72.21,72.995,71.87,72.49,185821
2023-01-05,72.16,72.22,70.125,70.385,159421
2023-01-06,71.055,72.05,70.945,71.62,130782
2023-01-09,71.27,72.175,71.25,71.52,109646
2023-01-10,71.13,71.23,70.45,71.11,135843
2023-01-11,71.18,71.625,71.015,71.55,114573
2023-01-12,71.39,71.41,70.28,70.335,152491
2023-01-13,70.02,70.56,69.355,70.32,253948
2023-01-17,70.07,70.915,69.915,70.05,159512
2023-01-18,70.21,70.21,67.71,67.72,107136
2023-01-19,67.57,67.57,66.35,66.45,128692
2023-01-20,66.17,67.155,65.165,67.13,85758
2023-01-23,66.85,67.73,66.56,66.85,99113
2023-01-24,66.81,67.3,65.88,66.7,79521
2023-01-25,66.12,67.36,65.76,67.27,186971
2023-01-26,66.835,67.725,66.82,67.51,106073
2023-01-27,67.36,68.165,67.06,68.015,84965
2023-01-30,67.8,68.22,67.44,67.44,81773
2023-01-31,67.71,67.75,66.9,67.66,117952
2023-02-01,67.52,69.435,67.44,68.855,148529
2023-02-02,68.6,69.18,67.52,68.63,135872
2023-02-03,67.98,67.98,66.32,67.29,97070
2023-02-06,67.17,67.95,66.92,67.89,53650
2023-02-07,67.29,67.865,66.55,67.73,99839
2023-02-08,67.27,67.27,65.97,66.445,51430
2023-02-09,67.0,67.21,65.71,65.785,75425
2023-02-10,65.735,66.985,65.68,66.88,54347
2023-02-13,66.83,67.44,66.83,67.11,69270
2023-02-14,66.86,67.51,66.43,66.65,69344
2023-02-15,66.28,66.78,66.12,66.755,154999
2023-02-16,66.6,66.6,65.145,65.85,180074
2023-02-17,65.015,66.96,64.91,66.64,159123
2023-02-21,66.12,66.24,65.37,65.54,68053
2023-02-22,65.48,66.205,65.07,65.23,121735
2023-02-23,65.13,65.34,64.405,64.735,350674
2023-02-24,64.12,64.65,63.765,64.57,223241
2023-02-27,64.8,65.565,64.225,64.38,117186
2023-02-28,64.055,64.395,63.04,63.05,120086
2023-03-01,62.51,62.63,61.77,62.32,184269
2023-03-02,62.45,63.69,62.25,63.67,150445
2023-03-03,63.79,64.845,63.23,64.79,95453
2023-03-06,64.78,65.33,64.66,65.24,102817
2023-03-07,65.51,65.56,64.04,64.36,104986
2023-03-08,64.155,64.905,63.91,64.76,129267
2023-03-09,65.1,65.9,64.42,64.55,97950
2023-03-10,64.84,64.85,63.68,63.94,116493
2023-03-13,63.81,66.73,63.81,65.16,162943
2023-03-14,65.62,66.35,65.46,66.165,142389
2023-03-15,66.0,68.0,65.85,67.67,289486
2023-03-16,67.46,68.63,67.36,68.13,204097
2023-03-17,68.97,69.03,67.38,67.9,179634
2023-03-20,68.17,69.76,68.08,68.56,185060
2023-03-21,68.39,68.61,66.27,67.1,189220
2023-03-22,66.97,68.16,66.73,66.74,219110
2023-03-23,66.84,67.41,66.09,66.36,160484
2023-03-24,66.45,68.6,66.45,68.6,154107
2023-03-27,68.93,69.06,68.065,68.24,87830
2023-03-28,68.21,68.945,68.055,68.4,158412
2023-03-29,68.79,69.555,68.76,69.34,115939
2023-03-30,69.71,69.72,68.9,69.05,100855
2023-03-31,69.24,69.605,68.775,69.58,107704
2023-04-03,69.15,69.625,68.255,68.96,98386
2023-04-04,69.13,69.65,68.73,69.64,106207
2023-04-05,70.0,71.66,69.91,71.49,121152
2023-04-06,72.0,72.53,71.685,72.32,114397
2023-04-10,71.67,72.035,71.19,72.03,54406
2023-04-11,71.79,72.115,71.4,71.83,90742
2023-04-12,71.72,72.61,71.45,72.13,137706
2023-04-13,71.63,72.48,70.99,72.47,125123
2023-04-14,71.77,72.29,71.69,71.95,96752
2023-04-17,72.125,72.485,71.58,72.34,125533
2023-04-18,72.29,72.785,72.12,72.57,97293
2023-04-19,72.93,73.235,72.62,72.81,76525
2023-04-20,72.915,73.13,72.62,73.01,76654
2023-04-21,73.635,73.965,73.105,73.61,86205
2023-04-24,73.725,74.145,73.27,74.1,60990
2023-04-25,74.27,74.44,73.77,73.97,64325
2023-04-26,73.37,73.45,72.47,72.59,110657
2023-04-27,72.98,73.6,72.64,73.505,121583
2023-04-28,73.65,74.0,73.145,73.54,88245
2023-05-01,73.73,74.555,73.415,74.09,112966
2023-05-02,74.34,74.34,73.095,73.12,161466
2023-05-03,73.675,74.16,73.24,73.36,54518
2023-05-04,73.4,74.26,72.53,74.26,132459
2023-05-05,73.87,74.96,73.87,74.95,281298
2023-05-08,74.355,75.1,74.29,74.58,212866
2023-05-09,74.34,74.85,74.05,74.74,71683
2023-05-10,74.99,75.74,74.8,75.675,94069
2023-05-11,75.555,75.77,74.425,74.66,77967
2023-05-12,74.065,74.24,72.79,73.35,225838
2023-05-15,73.46,73.46,72.09,72.44,147271
2023-05-16,72.37,72.37,70.545,70.9,210895
2023-05-17,70.91,71.295,70.475,70.96,134909
2023-05-18,70.68,71.12,70.355,71.04,168891
2023-05-19,71.485,71.79,70.94,71.44,178552
2023-05-22,71.685,71.79,70.945,70.945,179494
2023-05-23,70.715,71.38,70.66,71.15,151305
2023-05-24,71.31,71.655,70.74,70.85,137496
2023-05-25,70.87,70.96,69.68,69.82,143959
2023-05-26,69.54,69.785,69.06,69.47,201154
2023-05-30,69.4,70.185,69.3,69.86,229981
2023-05-31,69.795,70.285,69.155,69.76,246225
2023-06-01,69.98,69.98,68.955,69.185,158565
2023-06-02,68.625,69.85,68.625,69.47,121315
2023-06-05,69.4,70.14,69.27,69.7,101489
2023-06-06,70.18,70.29,69.36,69.36,185068
2023-06-07,69.295,70.37,68.87,70.15,137523
2023-06-08,70.31,71.1,69.86,71.07,135150
2023-06-09,71.09,71.345,70.39,71.26,147747
2023-06-12,71.42,71.42,70.665,70.845,167690
2023-06-13,70.27,70.87,69.95,70.475,147364
2023-06-14,70.595,71.37,70.38,70.47,175421
2023-06-15,70.81,71.34,70.56,70.73,141477
2023-06-16,70.815,72.18,70.68,71.77,155078
2023-06-20,71.395,71.575,70.305,70.35,112481
2023-06-21,70.38,71.635,70.205,71.63,55208
2023-06-22,71.72,71.86,71.115,71.3,64339
2023-06-23,71.44,71.68,70.425,70.445,88423
2023-06-26,70.65,71.74,70.46,71.72,84920
2023-06-27,71.87,71.87,70.86,71.145,98776
2023-06-28,71.04,71.08,69.71,69.84,85349
2023-06-29,69.055,69.83,68.72,69.16,107166
2023-06-30,69.5,70.375,68.86,70.28,76820
2023-07-03,70.455,70.62,70.2,70.535,44156
2023-07-05,70.505,72.07,70.45,71.67,105058
2023-07-06,71.165,71.175,70.475,70.8,76507
2023-07-07,70.51,71.115,70.175,70.69,140327
2023-07-10,70.58,70.68,69.76,70.14,85904
2023-07-11,70.125,70.74,69.755,70.73,56971
2023-07-12,70.73,71.71,70.585,71.6,125568
2023-07-13,71.415,71.645,71.08,71.485,122634
2023-07-14,71.225,71.665,71.02,71.39,102468
2023-07-17,71.285,71.285,70.16,70.17,79039
2023-07-18,70.04,70.38,68.82,69.09,85696
2023-07-19,69.055,70.4,69.055,70.17,96005
2023-07-20,70.32,71.29,70.0,71.06,130982
2023-07-21,71.29,73.285,71.26,73.04,201379
2023-07-24,73.23,73.345,72.5,72.95,108232
2023-07-25,72.7,73.17,72.405,72.62,108382
2023-07-26,72.61,73.82,72.56,73.11,81669
2023-07-27,72.77,73.015,72.41,72.855,157721
2023-07-28,73.17,73.64,72.16,72.33,158272
2023-07-31,72.61,72.83,72.0,72.33,81431
2023-08-01,72.32,72.5,71.27,71.28,82114
2023-08-02,71.12,71.59,70.9,71.015,133834
2023-08-03,71.35,71.97,68.62,68.62,167729
2023-08-04,68.755,69.61,67.525,67.85,125719
2023-08-07,68.28,68.485,67.85,68.01,66762
2023-08-08,68.04,68.82,67.72,68.82,80972
2023-08-09,68.9,69.69,68.78,69.18,84023
2023-08-10,69.57,69.96,69.1,69.41,168630
2023-08-11,69.26,69.69,68.945,69.5,114370
2023-08-14,69.37,69.4,68.625,68.83,109947
2023-08-15,68.31,68.42,67.705,67.77,81408
2023-08-16,68.22,68.465,67.79,68.11,67723
2023-08-17,68.31,69.02,68.21,68.24,56543
2023-08-18,67.525,68.18,67.525,67.765,54490
2023-08-21,67.81,67.81,67.15,67.63,39598
2023-08-22,67.35,67.95,67.23,67.72,37065
2023-08-23,68.05,68.05,67.255,67.55,59456
2023-08-24,67.64,68.64,67.42,67.42,57887
2023-08-25,67.85,68.4,67.5,68.08,44399
2023-08-28,68.21,68.41,67.76,68.16,52596
2023-08-29,68.08,68.585,67.915,68.585,48235
2023-08-30,68.595,69.15,68.185,68.625,62198
2023-08-31,68.735,68.735,67.705,67.705,54624
2023-09-01,68.22,68.51,66.42,67.215,132933
2023-09-05,67.05,67.295,65.95,66.29,84157
2023-09-06,66.35,66.52,65.97,66.25,141573
2023-09-07,66.93,67.925,66.83,67.115,75909
2023-09-08,67.11,67.905,67.01,67.89,103517
2023-09-11,68.035,68.45,67.725,68.14,68306
2023-09-12,68.16,68.86,67.53,68.615,71862
2023-09-13,69.065,69.98,68.76,69.535,122032
2023-09-14,69.8,70.96,69.77,70.905,90792
2023-09-15,70.83,71.43,70.8,71.08,170510
2023-09-18,71.22,71.22,70.43,70.96,90214
2023-09-19,70.88,71.23,70.6,70.895,100015
2023-09-20,71.125,71.71,70.755,71.19,85968
2023-09-21,71.14,71.14,69.875,69.905,201159
2023-09-22,69.54,69.98,69.14,69.37,159138
2023-09-25,68.97,69.39,68.67,69.29,146136
2023-09-26,68.84,68.91,66.805,67.11,135165
2023-09-27,67.1,67.37,66.04,66.13,128371
2023-09-28,66.63,66.68,64.95,65.07,120208
2023-09-29,65.725,65.8,64.36,64.7,108230
2023-10-02,64.41,64.41,61.965,62.68,196517
2023-10-03,62.01,64.375,61.58,64.02,165560
2023-10-04,64.325,64.73,63.37,64.605,162426
2023-10-05,64.425,65.065,63.72,64.6,112154
2023-10-06,63.25,65.12,62.28,64.97,184167
2023-10-09,65.28,65.915,64.9,65.91,63960
2023-10-10,66.09,66.515,65.87,66.46,57338
2023-10-11,66.8,67.23,66.3,67.1,100884
2023-10-12,66.915,67.145,65.265,65.7,229772
2023-10-13,66.4,66.81,66.04,66.55,88111
2023-10-16,66.95,67.69,66.6,67.49,153934
2023-10-17,67.11,67.52,66.55,67.115,80448
2023-10-18,67.17,67.39,66.43,66.58,74548
2023-10-19,66.715,67.32,66.24,66.47,107150
2023-10-20,66.57,67.1,65.7,65.71,46377
2023-10-23,64.53,66.23,64.53,65.45,131969
2023-10-24,66.01,66.63,65.89,66.43,72467
2023-10-25,66.395,66.73,65.84,66.63,75368
2023-10-26,66.76,67.6,66.55,67.16,121757
2023-10-27,66.89,67.54,66.12,66.51,167453
2023-10-30,67.18,67.3,66.66,66.785,100330
2023-10-31,67.18,67.57,66.735,67.31,102648
2023-11-01,67.525,68.8,67.25,68.46,115319
2023-11-02,68.16,70.52,68.16,70.13,234020
2023-11-03,70.555,71.285,70.42,70.42,166328
2023-11-06,70.45,70.545,69.255,69.29,89871
2023-11-07,69.1,69.48,68.575,68.715,148293
2023-11-08,68.33,68.65,67.55,68.59,67142
2023-11-09,68.92,69.185,67.99,67.99,161807
2023-11-10,68.39,68.44,67.8,68.08,105007
2023-11-13,67.95,68.07,67.215,67.34,112696
2023-11-14,68.335,69.28,68.16,69.225,132216
2023-11-15,69.07,69.785,68.68,68.74,64071
2023-11-16,69.34,70.34,69.34,70.29,122216
2023-11-17,69.625,70.03,69.315,69.76,84537
2023-11-20,69.065,69.52,68.69,69.45,60692
2023-11-21,69.84,69.84,68.86,69.65,96564
2023-11-22,69.89,69.89,69.24,69.58,83479
2023-11-24,69.67,69.79,69.31,69.6,17859
2023-11-27,69.67,70.405,69.45,70.26,108213
2023-11-28,70.3,71.13,70.045,70.535,152611
2023-11-29,70.49,70.95,69.925,70.23,132036
2023-11-30,70.575,71.28,70.24,70.95,158650
2023-12-01,70.815,71.525,70.48,71.515,75067
2023-12-04,71.265,71.775,71.17,71.285,122673
2023-12-05,71.435,71.435,70.81,70.94,64760
2023-12-06,71.2,72.295,71.105,72.275,90251
2023-12-07,72.26,72.545,71.56,71.67,121556
2023-12-08,71.94,72.08,70.985,71.515,101137
2023-12-11,71.39,71.53,70.87,71.415,123922
2023-12-12,70.97,70.97,70.14,70.48,162349
2023-12-13,70.165,73.09,70.165,73.09,144743
2023-12-14,73.28,73.3,71.335,71.5,138832
2023-12-15,70.89,70.95,70.03,70.855,176696
2023-12-18,70.75,71.665,70.75,71.425,117164
2023-12-19,71.52,71.93,71.05,71.25,83526
2023-12-20,71.235,71.37,69.665,69.69,83182
2023-12-21,69.64,70.14,68.74,69.38,105132
2023-12-22,69.67,70.185,69.35,69.46,67185
2023-12-26,69.25,69.81,69.25,69.465,33487
2023-12-27,69.1,69.615,69.07,69.41,70363
2023-12-28,69.39,70.31,69.39,70.17,104738
2023-12-29,69.88,70.245,69.64,70.16,65772
2024-01-02,69.82,70.94,69.67,70.85,74525
2024-01-03,71.115,72.26,71.045,72.25,245851
2024-01-04,72.365,72.51,71.595,71.73,88033
2024-01-05,71.51,71.82,70.72,71.63,181230
2024-01-08,71.27,72.16,71.18,72.16,80364
2024-01-09,71.68,71.94,71.515,71.855,58548
2024-01-10,71.795,71.97,71.37,71.85,38830
2024-01-11,71.9,71.96,70.42,70.59,109070
2024-01-12,71.06,71.565,70.81,71.41,88860
2024-01-16,70.95,71.08,70.19,70.325,68911
2024-01-17,69.875,70.855,69.12,69.62,99960
2024-01-18,69.235,69.45,68.455,68.765,88800
2024-01-19,68.85,69.31,68.49,68.9,89169
2024-01-22,68.98,69.31,68.11,68.825,70145
2024-01-23,68.86,68.905,68.51,68.835,131419
2024-01-24,69.1,69.38,67.7,68.21,172713
2024-01-25,68.72,69.24,68.29,69.22,100774
2024-01-26,69.285,69.42,68.6,69.095,158655
2024-01-29,69.15,69.25,68.71,69.18,403374
2024-01-30,69.09,69.57,68.72,69.25,136061
2024-01-31,69.965,70.325,69.09,69.49,198050
2024-02-01,69.095,70.51,68.9,70.5,116196
2024-02-02,69.785,69.895,67.965,68.66,155533
2024-02-05,68.235,68.235,67.07,67.185,139809
2024-02-06,66.95,67.675,66.95,67.4,127545
2024-02-07,67.55,67.565,66.8,66.95,123614
2024-02-08,66.56,67.025,66.36,66.95,74091
2024-02-09,66.79,67.17,66.535,66.95,118782
2024-02-12,66.94,68.33,66.645,68.33,104059
2024-02-13,68.055,68.555,66.5,67.52,145244
2024-02-14,67.52,67.865,67.24,67.835,130797
2024-02-15,67.05,68.2,66.08,66.84,308334
2024-02-16,65.98,66.635,65.805,66.48,201146
2024-02-20,66.7,68.34,66.7,67.05,177980
2024-02-21,67.58,67.75,67.18,67.73,70325
2024-02-22,67.07,67.55,66.6,67.29,68692
2024-02-23,67.45,68.06,67.315,67.69,136919
2024-02-26,67.28,67.46,66.24,66.24,100207
2024-02-27,66.52,66.73,66.08,66.45,87700
2024-02-28,66.48,66.82,66.21,66.81,175645
2024-02-29,66.99,67.635,66.855,67.2,189197
2024-03-01,66.95,66.955,66.0,66.86,131094
2024-03-04,66.67,68.28,66.625,68.22,97701
2024-03-05,68.58,69.25,67.57,67.96,127515
2024-03-06,68.53,68.91,68.005,68.6,111682
2024-03-07,69.16,69.415,68.87,69.24,183950
2024-03-08,69.11,69.5,68.56,69.015,70375
2024-03-11,69.0,69.875,68.75,69.79,120924
2024-03-12,69.385,70.08,69.065,69.35,93089
2024-03-13,69.8,70.425,69.8,69.935,126027
2024-03-14,69.86,69.91,68.805,69.39,107713
2024-03-15,69.295,69.76,68.71,69.13,80070
2024-03-18,69.3,69.595,69.04,69.44,50118
2024-03-19,69.795,70.31,69.515,70.21,122605
2024-03-20,70.045,70.63,69.905,70.23,99682
2024-03-21,70.18,70.75,69.87,69.87,49912
2024-03-22,70.34,70.505,69.8,69.805,79759
2024-03-25,70.0,70.02,69.535,69.78,48941
2024-03-26,69.59,69.705,69.155,69.29,91502
2024-03-27,69.65,71.06,69.63,71.06,101892
2024-03-28,71.04,71.895,70.83,71.73,102511
2024-04-01,71.7,71.7,70.56,71.09,117503
2024-04-02,71.34,72.04,71.27,71.35,83407
2024-04-03,71.59,71.68,70.81,70.99,96645
2024-04-04,71.21,71.21,69.66,70.05,136755
2024-04-05,69.575,70.155,69.21,69.86,189278
2024-04-08,69.75,70.16,69.68,70.07,66037
2024-04-09,70.38,70.6,69.9,70.57,113830
2024-04-10,69.39,69.9,69.02,69.76,294430
2024-04-11,70.02,70.02,68.99,69.55,116782
2024-04-12,69.765,69.92,68.355,68.73,97183
2024-04-15,69.08,69.395,67.96,68.37,76253
2024-04-16,68.1,68.19,67.55,67.775,125491
2024-04-17,68.09,69.97,68.09,69.8,197526
2024-04-18,69.94,70.685,69.44,70.55,99186
2024-04-19,71.01,72.18,71.01,72.16,125416
2024-04-22,71.88,73.14,71.7,72.99,204498
2024-04-23,72.785,73.75,72.69,73.26,212128
2024-04-24,72.615,74.2,72.15,73.91,145970
2024-04-25,73.83,74.82,73.22,74.355,114442
2024-04-26,74.37,74.43,73.145,73.18,111010
2024-04-29,73.815,74.47,73.81,74.4,115491
2024-04-30,73.99,74.545,73.385,73.43,132319
2024-05-01,73.34,75.13,73.34,74.54,172172
2024-05-02,75.26,75.895,74.65,75.37,212682
2024-05-03,75.89,75.94,74.915,75.85,136828
2024-05-06,75.635,76.245,74.935,75.48,258746
2024-05-07,75.33,77.065,75.24,76.96,241332
2024-05-08,76.81,77.74,76.67,77.63,152412
2024-05-09,77.47,78.295,77.13,78.26,108013
2024-05-10,78.41,78.63,77.89,78.14,95240
2024-05-13,78.5,78.92,78.465,78.705,79503
2024-05-14,79.06,79.11,78.375,78.71,87130
2024-05-15,79.215,79.76,79.03,79.33,74921
2024-05-16,79.49,79.81,79.355,79.395,132741
2024-05-17,78.465,79.675,78.28,79.54,93035
2024-05-20,79.35,79.51,78.97,79.24,76885
2024-05-21,79.365,80.13,79.325,79.79,85200
2024-05-22,79.45,79.61,78.57,78.67,100550
2024-05-23,78.165,78.27,77.115,77.18,204894
2024-05-24,77.425,77.81,77.25,77.75,85621
2024-05-28,77.58,78.31,77.285,77.58,82627
2024-05-29,77.085,77.375,76.665,77.225,213993
2024-05-30,77.17,78.095,76.895,78.095,91853
2024-05-31,78.32,80.19,78.18,80.19,163143
2024-06-03,79.7,80.48,79.36,80.4,141482
2024-06-04,80.37,80.83,79.58,80.655,180054
2024-06-05,80.545,80.64,79.17,79.42,133448
2024-06-06,79.32,79.87,78.6,78.6,80617
2024-06-07,78.28,78.58,77.91,77.94,97394
2024-06-10,77.815,79.0,77.63,79.0,116986
2024-06-11,78.405,78.95,78.235,78.505,86246
2024-06-12,78.44,78.64,77.85,78.46,56265
2024-06-13,78.395,78.89,77.825,78.695,57558
2024-06-14,78.48,78.88,78.27,78.66,83171
2024-06-17,77.85,78.59,77.465,77.66,71345
2024-06-18,77.51,78.005,77.28,77.945,63985
2024-06-20,77.95,79.065,77.69,78.87,88417
2024-06-21,79.08,79.35,78.305,78.465,116973
2024-06-24,78.605,79.54,78.39,79.37,50834
2024-06-25,79.26,79.26,77.81,78.01,101655
2024-06-26,77.59,78.43,77.47,78.24,48733
2024-06-27,78.0,78.31,77.525,78.005,93829
2024-06-28,77.97,78.18,77.19,77.51,94543
2024-07-01,78.015,78.43,76.96,76.99,77755
2024-07-02,77.145,77.83,77.145,77.59,84474
2024-07-03,77.845,78.36,77.65,77.75,26428
2024-07-05,77.79,78.62,77.54,78.05,61025
2024-07-08,77.925,78.215,77.65,77.84,45478
2024-07-09,77.85,78.7,77.78,78.13,76822
2024-07-10,78.46,78.48,77.87,78.41,54431
2024-07-11,78.8,80.04,78.63,79.87,93223
2024-07-12,79.985,80.345,79.72,80.04,120045
2024-07-15,79.545,80.23,79.335,80.05,75515
2024-07-16,80.49,81.19,80.32,81.125,87869
2024-07-17,81.32,82.83,81.32,81.635,132713
2024-07-18,81.185,82.245,81.185,81.315,116660
2024-07-19,81.75,81.75,81.05,81.43,69745
2024-07-22,81.555,82.135,81.35,81.89,68210
2024-07-23,81.71,81.815,81.295,81.355,46794
2024-07-24,81.76,82.685,81.555,82.68,95977
2024-07-25,82.91,83.43,81.315,81.69,86246
2024-07-26,82.09,82.5,81.89,82.21,77664
2024-07-29,82.4,83.3,82.21,83.06,64534
2024-07-30,82.69,83.49,82.65,83.4,80432
2024-07-31,83.05,83.7,82.33,83.5,111221
2024-08-01,83.775,87.68,83.33,87.57,250998
2024-08-02,88.335,89.23,86.455,88.58,186242
2024-08-05,89.11,89.59,86.415,86.6,215136
2024-08-06,86.83,87.82,86.49,86.49,78062
2024-08-07,86.835,87.815,86.55,87.32,98725
2024-08-08,86.445,87.39,86.27,86.46,78683
2024-08-09,86.39,86.88,85.63,86.8,93784
2024-08-12,86.82,87.29,86.5,87.19,89976
2024-08-13,87.38,87.69,86.82,87.21,88448
2024-08-14,86.875,87.74,86.695,87.14,34155
2024-08-15,86.57,87.18,86.295,87.035,58419
2024-08-16,87.3,87.83,86.75,87.365,91974
2024-08-19,86.78,87.015,86.525,86.92,62693
2024-08-20,86.95,87.47,86.565,86.8,106189
2024-08-21,86.98,87.695,86.68,87.59,133957
2024-08-22,87.46,87.49,86.04,86.42,161768
2024-08-23,86.78,86.85,86.06,86.12,115332
2024-08-26,86.33,86.81,86.2,86.52,161571
2024-08-27,86.225,86.63,85.66,85.76,153616
2024-08-28,85.915,86.68,85.52,85.72,253408
2024-08-29,85.5,85.865,84.94,85.81,199774
2024-08-30,85.945,86.52,85.64,86.43,81631
2024-09-03,86.47,89.23,86.41,88.9,215832
2024-09-04,89.57,90.25,88.42,89.08,145067
2024-09-05,90.04,90.33,88.88,89.49,128790
2024-09-06,89.605,89.77,88.255,88.39,118146
2024-09-09,88.55,89.38,88.41,89.335,99900
2024-09-10,89.695,90.19,89.39,89.64,115352
2024-09-11,89.255,89.26,88.15,88.73,105484
2024-09-12,89.165,89.165,88.315,88.52,60905
2024-09-13,88.47,89.495,88.26,89.44,95522
2024-09-16,89.16,90.11,89.08,89.9,108169
2024-09-17,89.7,89.77,89.13,89.66,181001
2024-09-18,89.59,89.7,88.49,89.06,156354
2024-09-19,88.53,89.005,88.01,88.89,181916
2024-09-20,89.88,89.88,88.485,89.685,136825
2024-09-23,89.94,90.59,89.55,90.5,139382
2024-09-24,89.92,90.85,89.485,89.76,96795
2024-09-25,90.25,90.52,88.945,89.36,97646
2024-09-26,88.825,89.59,88.66,88.93,154439
2024-09-27,89.405,90.09,88.97,90.06,110703
2024-09-30,90.13,90.6,89.56,90.16,138682
2024-10-01,90.41,91.77,90.03,90.82,137548
2024-10-02,90.4,91.815,90.38,91.6,122057
2024-10-03,91.71,91.84,90.195,90.71,162943
2024-10-04,89.57,90.475,89.35,90.28,181875
2024-10-07,90.0,90.12,88.675,88.88,118787
2024-10-08,89.16,89.695,88.84,89.295,103311
2024-10-09,89.21,89.97,88.82,88.94,123519
2024-10-10,89.395,89.79,88.21,88.23,96293
2024-10-11,88.545,89.075,88.375,88.97,151606
2024-10-14,89.2,89.94,89.13,89.87,116099
2024-10-15,90.475,91.39,90.36,90.76,148834
2024-10-16,90.735,92.445,90.69,92.29,117119
2024-10-17,92.32,92.85,92.04,92.71,140138
2024-10-18,92.41,93.34,92.07,93.24,135571
2024-10-21,93.375,93.715,92.62,92.73,76475
2024-10-22,92.35,93.185,92.15,93.07,73826
2024-10-23,92.925,94.18,92.925,94.14,164631
2024-10-24,93.915,94.44,93.35,93.61,95762
2024-10-25,94.095,94.095,91.815,91.89,124465
2024-10-28,92.13,92.69,91.76,91.81,98814
2024-10-29,90.76,90.94,89.695,89.82,199531
2024-10-30,90.3,90.3,89.045,89.4,257861
2024-10-31,90.605,92.33,90.18,91.0,346178
2024-11-01,90.72,90.77,88.325,88.56,260938
2024-11-04,88.47,89.18,87.51,88.11,176068
2024-11-05,88.075,88.77,87.835,88.71,128090
2024-11-06,88.39,88.39,87.13,87.405,145937
2024-11-07,87.455,87.595,86.37,86.93,151281
2024-11-08,87.505,88.79,87.245,88.64,187327
2024-11-11,88.49,89.125,88.265,88.34,83598
2024-11-12,88.555,88.555,87.6,87.71,103953
2024-11-13,88.09,88.11,86.79,87.5,137223
2024-11-14,87.39,87.5,86.615,86.775,173127
2024-11-15,86.93,88.0,86.755,87.9,197794
2024-11-18,87.075,88.165,87.03,88.06,225979
2024-11-19,87.835,88.35,87.17,88.29,97926
2024-11-20,88.24,88.385,87.81,87.95,88411
2024-11-21,88.05,88.38,87.39,88.07,239794
2024-11-22,88.35,88.605,87.59,87.61,109099
2024-11-25,87.98,88.43,87.43,88.395,120230
2024-11-26,88.51,89.36,88.165,89.32,123718
2024-11-27,89.69,90.235,89.38,89.735,143012
2024-11-29,90.04,90.04,88.94,89.15,75475
2024-12-02,89.245,89.245,87.65,87.79,173070
2024-12-03,88.34,88.4,86.24,86.27,199140
2024-12-04,86.17,86.38,85.52,85.83,143199
2024-12-05,85.935,86.64,85.935,86.19,154860
2024-12-06,86.1,86.325,84.5,84.805,224346
2024-12-09,84.9,85.15,83.92,84.33,141550
2024-12-10,84.085,84.67,83.27,84.375,94117
2024-12-11,84.235,84.35,83.0,83.24,94391
2024-12-12,83.74,84.13,83.19,83.38,134616
2024-12-13,83.23,83.39,82.765,83.18,87981
2024-12-16,83.14,83.32,81.815,81.89,229477
2024-12-17,81.5,83.34,81.475,83.26,251879
2024-12-18,83.17,83.17,81.45,81.47,114614
2024-12-19,81.485,82.725,81.46,81.78,123723
2024-12-20,81.65,83.09,81.65,82.87,136055
2024-12-23,82.735,82.825,81.97,82.44,7293
2024-12-24,83.085,83.17,82.73,83.1,35476
2024-12-26,82.75,83.15,82.52,82.835,52121
2024-12-27,82.275,83.3,82.27,83.17,122590
2024-12-30,82.73,82.73,82.05,82.375,101764
2024-12-31,82.445,82.76,81.65,82.34,129642
2025-01-02,82.845,82.96,81.83,82.08,100141
2025-01-03,82.24,83.0,82.145,82.3,127941
2025-01-06,81.925,81.95,80.48,80.97,260891
2025-01-07,81.03,82.1,80.975,81.05,158102
2025-01-08,81.53,83.05,81.415,83.0,346896
2025-01-10,82.345,82.9,81.22,81.31,186996
2025-01-13,81.8,81.865,80.51,81.86,147279
2025-01-14,81.96,82.23,81.41,82.04,130250
2025-01-15,82.935,83.17,82.0,82.34,201351
2025-01-16,82.205,83.91,81.97,83.905,423780
2025-01-17,83.64,84.48,83.52,83.78,320233
2025-01-21,84.115,85.47,84.115,84.72,205419
2025-01-22,84.485,84.52,82.48,82.51,229410
2025-01-23,82.685,82.83,82.13,82.26,151918
2025-01-24,82.11,83.91,82.1,83.49,218338
2025-01-27,83.91,86.645,82.865,86.52,379158
2025-01-28,86.095,86.22,83.535,83.54,228242
2025-01-29,83.88,84.41,82.69,82.84,169238
2025-01-30,83.64,85.1,83.64,84.92,279624
2025-01-31,84.27,84.72,83.455,83.92,200868
2025-02-03,83.56,84.37,83.01,83.97,237170
2025-02-04,83.35,83.88,82.79,83.2,133225
2025-02-05,83.825,84.18,83.24,83.85,155748
2025-02-06,84.23,84.23,82.92,83.77,157197
2025-02-07,83.52,84.66,83.245,84.58,146925
2025-02-10,84.515,85.49,84.19,85.48,195740
2025-02-11,85.29,86.525,84.32,86.46,155494
2025-02-12,85.46,86.87,85.05,86.86,199226
2025-02-13,86.605,87.025,86.03,86.795,218684
2025-02-14,87.02,87.47,85.48,85.6,190240
2025-02-18,84.89,85.9,84.82,85.895,164240
2025-02-19,85.945,86.61,85.38,86.45,183524
2025-02-20,84.5,88.96,84.5,87.85,593324
2025-02-21,87.15,88.975,87.15,88.41,254784
2025-02-24,88.765,89.625,88.11,88.87,226729
2025-02-25,89.24,90.02,89.01,89.83,244618
2025-02-26,89.3,89.365,88.23,88.76,188635
2025-02-27,88.345,89.04,87.98,88.28,247825
2025-02-28,89.33,89.78,88.33,89.76,252298
2025-03-03,89.515,90.84,89.43,90.84,239247
2025-03-04,91.46,92.32,89.76,89.9,349326
2025-03-05,89.46,90.14,88.4,88.67,192100
2025-03-06,88.23,89.16,87.095,88.7,313185
2025-03-07,88.55,91.75,88.54,91.38,400969
2025-03-10,91.45,93.475,91.2,92.97,445279
2025-03-11,92.565,92.68,89.96,90.12,316401
2025-03-12,89.575,89.575,88.31,88.685,221715
2025-03-13,89.03,90.0,88.78,89.61,156433
2025-03-14,88.95,90.53,88.92,90.38,160571
2025-03-17,90.32,91.37,89.9,90.56,118911
2025-03-18,90.11,90.46,89.66,90.23,124848
2025-03-19,90.03,90.32,89.29,89.62,119625
2025-03-20,89.79,90.05,89.15,89.94,142736
2025-03-21,89.855,90.535,88.785,89.35,161949
2025-03-24,89.155,90.11,88.78,88.83,115313
2025-03-25,88.825,88.825,87.4,87.72,153338
2025-03-26,87.975,89.19,87.975,89.04,157852
2025-03-27,89.39,90.275,89.16,90.04,181160
2025-03-28,90.845,91.425,90.335,91.12,222575
2025-03-31,91.545,92.68,91.305,91.92,173655
2025-04-01,91.74,92.16,91.32,91.82,215488
2025-04-02,92.0,92.0,90.72,91.28,170775
2025-04-03,92.88,93.29,92.0,92.5,326723
2025-04-04,93.27,93.6,88.61,88.96,373269
2025-04-07,87.93,89.405,86.45,87.21,301706
2025-04-08,88.48,88.61,86.2,86.87,205382
2025-04-09,86.31,89.18,85.02,87.77,291889
2025-04-10,87.98,89.685,87.01,88.89,310071
2025-04-11,89.03,90.15,87.78,89.82,131614
2025-04-14,89.555,91.69,89.16,91.15,112655
2025-04-15,91.42,91.67,90.945,91.01,77329
2025-04-16,91.56,91.79,90.31,90.47,113996
2025-04-17,91.24,93.02,91.24,91.81,86813
2025-04-21,91.35,91.49,89.6,90.22,113110
2025-04-22,90.57,92.19,90.57,91.83,138650
2025-04-23,91.49,91.51,90.17,91.13,164820
2025-04-24,90.985,91.4,90.28,91.03,108088
2025-04-25,91.05,91.05,90.22,90.43,71568
2025-04-28,90.39,91.02,89.945,90.745,61685
2025-04-29,90.64,91.595,90.395,91.44,99067
2025-04-30,91.865,92.22,90.445,91.88,128998
2025-05-01,90.85,92.33,90.85,91.41,140972
2025-05-02,91.74,91.74,90.39,91.03,151637
2025-05-05,91.3,91.4,90.145,91.08,94694
2025-05-06,91.255,91.835,90.94,91.19,66917
2025-05-07,91.295,92.54,91.29,92.13,161798
2025-05-08,91.99,91.99,90.18,90.33,134159
2025-05-09,90.345,90.81,90.05,90.33,107683
2025-05-12,89.33,89.45,87.46,87.76,220217
2025-05-13,87.695,87.965,85.515,85.58,304246
2025-05-14,85.23,85.31,83.125,84.88,376857
2025-05-15,85.605,87.395,85.605,87.37,202289
2025-05-16,87.305,88.74,87.305,88.71,112358
2025-05-19,88.35,89.54,88.145,89.5,181836
2025-05-20,89.415,90.99,89.415,90.86,314534
2025-05-21,90.73,90.73,89.295,89.67,239526
2025-05-22,89.465,89.465,88.39,88.84,102708
2025-05-23,89.6,89.74,88.16,89.63,129943
2025-05-27,89.83,90.25,89.58,89.97,119564
2025-05-28,89.45,89.73,87.61,88.24,139297
2025-05-29,87.89,88.79,87.48,88.74,92653
2025-05-30,88.545,90.06,88.5,89.91,189758
2025-06-02,89.33,90.02,88.89,89.955,148189
2025-06-03,89.73,90.01,88.74,89.59,115983
2025-06-04,89.53,89.58,88.27,88.32,200502
2025-06-05,88.6,89.265,88.1,88.39,291171
2025-06-06,88.25,88.66,87.76,88.25,140344
2025-06-09,87.815,89.16,87.51,88.48,124191
2025-06-10,88.71,89.51,88.585,89.305,131648
2025-06-11,89.125,89.645,88.96,89.57,224330
2025-06-12,89.695,91.005,89.42,90.35,317074
2025-06-13,90.55,91.03,89.93,90.36,121448
2025-06-16,90.205,90.88,88.82,88.93,164170
2025-06-17,89.015,89.015,87.95,88.42,115762
2025-06-18,88.62,88.955,88.145,88.565,135683
2025-06-20,88.655,89.95,88.58,89.305,261642
2025-06-23,89.73,90.735,89.615,90.68,224131
2025-06-24,90.465,91.275,90.465,90.93,171549
2025-06-25,90.535,90.56,89.815,90.415,541456
2025-06-26,90.285,90.99,89.47,90.35,679112
2025-06-27,90.335,91.29,90.28,90.905,447351
2025-06-30,90.685,91.935,90.525,91.81,257117
2025-07-01,92.0,92.51,91.29,92.23,809790
2025-07-02,92.13,92.19,90.49,91.155,1275788
2025-07-03,90.955,91.965,90.635,91.585,393252
2025-07-07,91.45,91.725,91.16,91.62,491364
2025-07-08,90.92,91.57,90.395,91.29,512757
2025-07-09,91.25,91.97,90.8,91.96,124794
2025-07-10,91.57,93.68,91.57,93.3,247677
2025-07-11,92.835,92.985,92.27,92.6,214851
2025-07-14,92.505,93.285,92.13,92.72,265987
2025-07-15,92.495,92.97,91.9,92.465,197547
2025-07-16,92.305,93.43,92.305,93.27,139123
2025-07-17,93.25,93.805,92.8,93.38,231644
2025-07-18,93.56,94.605,93.5,94.115,473728
2025-07-21,94.225,95.26,94.21,94.8,555660
2025-07-22,95.105,96.4,94.84,95.84,193801
2025-07-23,95.665,95.92,94.62,95.125,394045
2025-07-24,95.26,95.66,94.93,95.005,235291
2025-07-25,94.965,95.54,94.965,95.38,134064
2025-07-28,95.22,95.24,93.965,94.3,1028177
2025-07-29,94.575,95.24,94.42,95.24,881635
2025-07-30,95.19,95.61,94.64,94.96,561800
2025-07-31,94.805,95.9,93.0,94.49,925463
2025-08-01,94.915,95.455,94.17,94.97,355719
2025-08-04,95.175,96.195,95.175,95.995,253741
2025-08-05,95.96,96.39,93.97,94.365,324668
2025-08-06,94.585,95.51,94.235,94.67,156243
2025-08-07,94.58,95.55,94.58,95.35,232682
2025-08-08,95.505,95.77,94.47,94.7,190327
2025-08-11,94.99,95.22,94.245,94.56,166363
2025-08-12,94.65,94.68,93.31,93.965,275697
2025-08-13,93.8,94.85,93.57,94.78,126876
2025-08-14,94.54,94.595,93.76,94.19,233647
2025-08-15,94.31,94.76,93.715,94.075,202330
2025-08-18,93.51,93.605,92.77,92.855,161347
2025-08-19,92.88,94.22,92.835,94.2,144478
2025-08-20,94.435,95.625,94.345,94.93,291034
2025-08-21,94.99,95.175,94.36,94.6,188791
2025-08-22,95.305,95.46,94.085,94.52,166405
2025-08-25,94.13,94.47,93.005,93.145,123749
2025-08-26,93.215,93.43,92.5,93.1,76154
2025-08-27,93.24,93.45,92.86,93.28,134541
2025-08-28,92.995,93.01,92.095,92.26,82748
2025-08-29,92.27,92.8,92.22,92.335,130139
2025-09-02,91.945,92.78,91.63,92.06,237452
2025-09-03,91.645,91.84,91.19,91.66,173188
2025-09-04,92.13,92.44,91.43,91.88,177696
2025-09-05,91.94,92.36,91.56,91.79,160707
2025-09-08,91.66,91.66,90.6,90.87,141786
2025-09-09,90.71,91.475,90.695,91.2,114021
2025-09-10,90.995,91.67,90.965,91.58,160497
2025-09-11,91.385,92.135,91.3,92.12,119169
2025-09-12,92.1,92.43,91.785,92.265,199217
2025-09-15,92.08,92.39,91.56,92.33,170466
2025-09-16,92.155,92.18,91.355,91.365,245922
2025-09-17,91.7,92.05,91.405,91.59,187861
2025-09-18,91.04,91.87,90.725,91.48,446691
2025-09-19,91.34,92.27,90.365,91.825,261031
2025-09-22,91.9,92.56,91.625,92.36,301667
2025-09-23,92.75,93.72,92.24,93.705,167952
2025-09-24,93.6,94.43,93.23,94.43,167364
2025-09-25,94.5,95.06,93.575,93.71,500777
2025-09-26,94.03,94.645,93.925,94.52,247659
2025-09-29,94.36,94.36,93.48,93.86,406001
2025-09-30,93.815,95.02,93.815,94.77,296463
2025-10-01,94.92,95.38,94.61,94.78,331635
2025-10-02,94.395,94.395,93.54,93.89,391413
2025-10-03,93.57,94.85,93.525,94.545,339146
2025-10-06,94.425,95.52,94.425,95.475,260460
2025-10-07,95.515,96.765,95.5,96.41,386082
2025-10-08,96.745,96.745,95.515,96.18,233785
2025-10-09,96.61,96.655,96.01,96.12,233915
2025-10-10,96.475,98.355,96.45,98.285,337844
2025-10-13,97.63,98.41,97.24,98.09,261635
2025-10-14,98.7,99.81,98.525,99.69,362872
2025-10-15,99.6,100.23,99.17,99.73,266562
2025-10-16,99.79,100.82,98.405,98.41,185422
2025-10-17,99.12,99.12,97.615,97.79,291356
2025-10-20,98.26,98.26,97.35,97.71,342250
2025-10-21,97.745,97.89,96.54,96.985,394086
2025-10-22,96.98,98.11,96.45,97.49,287594
2025-10-23,97.68,97.875,96.12,96.14,180133
2025-10-24,96.425,96.61,95.835,95.88,186064
2025-10-27,95.57,95.69,94.8,95.46,174583
2025-10-28,95.14,95.2,93.32,93.9,320925
2025-10-29,93.89,94.39,92.86,93.55,453941
2025-10-30,93.98,95.42,93.36,95.1,441753
2025-10-31,94.44,94.67,93.63,94.05,246912
2025-11-03,93.57,95.07,92.18,93.13,828575
2025-11-04,93.2,93.51,92.465,92.735,425668
2025-11-05,91.65,92.23,90.57,91.41,810173
2025-11-06,90.96,92.03,90.87,90.875,353234
2025-11-07,91.26,91.91,90.86,91.42,242926
2025-11-10,91.05,91.33,89.97,90.75,346228
2025-11-11,90.92,91.445,90.56,91.09,203165
2025-11-12,91.15,92.015,90.9,91.895,246182
2025-11-13,92.0,92.355,91.095,91.175,243198
2025-11-14,91.43,91.575,90.32,90.685,199372
2025-11-17,90.35,90.965,90.18,90.56,207942
2025-11-18,90.735,91.37,90.56,90.72,203846
2025-11-19,90.36,90.79,88.91,89.01,214731
2025-11-20,89.225,89.5,88.44,88.575,425673
2025-11-21,88.795,90.05,88.62,89.265,267882
2025-11-24,89.61,89.71,88.22,89.15,215081
2025-11-25,89.03,89.46,88.62,89.315,260780
2025-11-26,89.73,90.39,89.55,90.25,150286
2025-11-28,90.38,91.1,90.3,91.09,123029
2025-12-01,90.705,90.715,88.99,89.015,182073
2025-12-02,89.195,89.21,88.32,89.035,261469
2025-12-03,89.3,90.34,87.07,87.97,424508
2025-12-04,87.83,88.595,86.975,87.33,310064
2025-12-05,87.32,88.09,86.16,86.275,258904
2025-12-08,86.21,86.27,85.49,85.555,417093
2025-12-09,86.07,86.32,85.435,85.47,274176
2025-12-10,85.2,85.29,83.81,84.05,384155
2025-12-11,84.88,85.47,84.265,84.73,262897
2025-12-12,84.705,85.1,84.265,84.45,307121
2025-12-15,84.88,86.15,84.545,86.02,301201
2025-12-16,85.4,85.91,85.0,85.7,353844
2025-12-17,85.73,87.575,85.63,87.08,548394
2025-12-18,87.16,87.44,86.74,87.23,357320
2025-12-19,86.78,86.84,85.235,85.28,565494
2025-12-22,85.245,85.805,84.86,85.715,172104
2025-12-23,85.75,86.79,85.74,86.395,139085
2025-12-24,86.58,87.18,86.45,87.145,61406
2025-12-26,86.805,87.61,86.805,87.165,106354
2025-12-29,87.335,88.17,87.26,87.53,165348
2025-12-30,87.675,87.78,87.18,87.595,168085
2025-12-31,87.535,87.59,87.17,87.195,118827
2026-01-02,87.165,87.625,86.64,87.15,148820
2026-01-05,86.67,86.965,85.24,86.87,225064
2026-01-06,87.035,87.715,86.6,87.53,169494
2026-01-07,87.8,87.85,86.0,86.25,128630
2026-01-08,86.32,87.845,86.32,87.24,162740
2026-01-09,87.29,87.81,86.97,86.97,147129
2026-01-12,86.93,87.11,86.115,86.69,280654
2026-01-13,86.75,87.545,86.02,87.545,318700
2026-01-14,87.845,88.68,87.76,88.375,212589
2026-01-15,88.525,89.11,88.065,88.78,168247
2026-01-16,88.72,89.4,88.21,88.9,166714
2026-01-20,88.58,89.18,87.545,88.81,383275
2026-01-21,89.42,89.44,88.13,89.15,505938
2026-01-22,89.175,89.395,87.395,87.47,370022
2026-01-23,87.65,87.79,86.895,87.52,261046
2026-01-26,88.175,89.035,88.07,88.15,264980
2026-01-27,88.12,89.065,87.885,88.835,250880
2026-01-28,88.645,89.22,88.15,88.345,288429
2026-01-29,88.915,89.45,88.43,89.11,236838
2026-01-30,89.09,89.49,88.14,89.34,254348
2026-02-02,89.42,89.95,87.86,88.18,366767
2026-02-03,88.19,90.22,88.19,90.165,326568
2026-02-04,90.605,91.27,90.04,90.255,327669
2026-02-05,90.79,91.635,90.395,91.085,323079
2026-02-06,91.29,91.7,89.275,90.12,423231
2026-02-09,89.625,89.83,88.845,89.365,219792
2026-02-10,89.765,91.38,89.465,90.715,310200
2026-02-11,90.65,91.02,90.15,90.88,344215
2026-02-12,91.22,93.245,91.05,92.6,704593
2026-02-13,92.68,94.97,92.545,94.94,554873
2026-02-17,94.99,95.035,91.975,92.005,672012
2026-02-18,92.13,92.255,90.82,90.93,546798
2026-02-19,95.525,95.525,93.75,95.04,885294
2026-02-20,96.6,96.6,93.78,94.28,567781
2026-02-23,95.02,96.0,94.85,95.17,375495
2026-02-24,94.8,95.965,94.19,95.82,313836
2026-02-25,95.25,95.995,94.11,95.91,287309
2026-02-26,96.165,96.69,95.685,96.32,232956
2026-02-27,96.46,97.96,96.445,97.39,323373
2026-03-02,97.49,97.805,97.075,97.23,206675
2026-03-03,96.63,97.775,95.295,96.8,291543
2026-03-04,97.275,98.055,96.61,97.63,282491
2026-03-05,97.4,97.66,95.93,97.165,300609
2026-03-06,96.955,97.92,96.04,97.54,343152
2026-03-09,97.3,97.685,96.745,97.23,334219
2026-03-10,96.995,97.135,95.98,96.29,159318
2026-03-11,95.765,96.27,95.545,96.26,218023
2026-03-12,96.2,98.76,96.17,97.87,489633
2026-03-13,98.66,99.13,97.98,98.015,356320
2026-03-16,98.76,99.31,97.91,99.12,251979
2026-03-17,99.5,99.5,98.21,98.265,135939
2026-03-18,97.6,97.85,96.54,96.54,155249
2026-03-19,96.75,96.96,95.455,96.23,318225
2026-03-20,96.03,96.43,93.2,93.47,290897
2026-03-23,93.99,94.71,93.61,93.77,347863
2026-03-24,93.46,95.07,93.445,93.99,159996
2026-03-25,94.58,95.09,93.945,94.57,154828
2026-03-26,94.595,95.53,94.39,95.43,204590
2026-03-27,95.13,96.55,95.085,95.51,331228
2026-03-30,96.585,97.59,96.205,96.935,538683
2026-03-31,96.82,96.83,95.25,96.52,405176
2026-04-01,96.29,97.125,96.03,96.945,431299
2026-04-02,97.415,97.83,97.01,97.465,518397
2026-04-06,97.14,97.93,96.84,96.93,178988
2026-04-07,96.885,97.925,96.705,96.835,145618
2026-04-08,95.845,97.12,95.24,97.12,210268
2026-04-09,96.77,98.49,96.76,97.58,201991
2026-04-10,97.45,98.15,96.86,97.15,143388
2026-04-13,97.375,97.375,95.53,95.95,205078
2026-04-14,95.74,96.11,94.715,96.11,328070
2026-04-15,95.21,95.54,94.565,94.63,176787
2026-04-16,94.33,95.24,93.9,94.895,137461
2026-04-17,94.31,94.71,93.32,94.51,149529
2026-04-20,93.92,94.855,93.36,93.52,125504
2026-04-21,93.51,93.51,91.92,91.93,203918
2026-04-22,92.46,93.11,91.62,91.89,142824
2026-04-23,92.33,93.95,92.285,93.91,180768
2026-04-24,93.74,94.1,93.07,93.49,135003
2026-04-27,93.94,94.565,93.595,93.755,281997
2026-04-28,94.52,95.005,93.97,94.42,237581
2026-04-29,94.12,94.4,93.44,93.53,251801
2026-04-30,94.71,96.69,94.365,96.6,515028
2026-05-01,96.43,97.395,96.0,96.73,465248
2026-05-04,95.83,97.245,95.535,95.98,456406
2026-05-05,96.195,96.87,95.73,95.91,410233
2026-05-06,95.67,95.67,93.51,93.51,379130
2026-05-07,93.19,93.2,91.965,92.435,297677
2026-05-08,92.8,92.96,91.63,91.765,307765
2026-05-11,92.42,93.53,92.02,93.07,169929
2026-05-12,93.54,93.81,92.47,93.475,211299
2026-05-13,92.84,93.17,92.15,93.16,207398
2026-05-14,93.275,93.68,92.805,93.675,299555
2026-05-15,93.55,93.9,92.36,92.55,360686
2026-05-18,92.345,93.955,92.23,93.745,354328
2026-05-19,93.56,94.94,93.215,94.21,352936
2026-05-20,94.51,94.64,93.53,93.62,249355
2026-05-21,93.775,94.41,93.24,94.26,163771
2026-05-22,94.54,94.79,93.81,94.52,120002
2026-05-26,94.56,94.56,93.785,94.08,212475
2026-05-27,93.53,94.48,93.53,93.74,188331
2026-05-28,93.485,94.205,92.415,92.505,167374
2026-05-29,92.58,92.58,91.36,92.03,256663
2026-06-01,91.14,91.33,89.03,89.03,277763
2026-06-02,89.335,90.63,89.335,90.525,201128
2026-06-03,90.655,92.405,90.43,90.52,436497
2026-06-04,91.12,91.93,89.935,91.62,327113
2026-06-05,92.02,93.57,92.02,92.64,273253
2026-06-08,92.28,92.775,90.94,91.28,272341
2026-06-09,91.41,93.33,91.01,92.97,303087
2026-06-10,93.44,94.495,92.82,94.01,299004
2026-06-11,94.66,95.06,93.22,93.245,184621
2026-06-12,93.61,94.67,93.24,94.015,479726
2026-06-15,93.38,94.75,92.85,93.835,277490
2026-06-16,94.26,95.27,93.73,94.305,250119
2026-06-17,93.64,94.415,92.33,92.54,326370
2026-06-18,92.8,94.22,92.51,93.12,458154
2026-06-22,93.06,94.085,93.01,93.415,386292
2026-06-23,94.6,95.1,93.505,94.91,291788
2026-06-24,95.095,95.91,94.475,95.76,397234
2026-06-25,95.94,96.855,95.22,95.905,492077
2026-06-26,96.39,97.195,96.1,97.02,363345
2026-06-29,97.0,97.5,96.49,96.73,228019
2026-06-30,96.19,96.65,95.39,95.69,254657
2026-07-01,95.88,95.975,95.08,95.15,207215
2026-07-02,95.61,97.96,95.38,97.94,236746
2026-07-06,97.495,97.52,95.83,95.98,140455
2026-07-07,96.825,99.26,96.825,97.27,393246
2026-07-08,97.315,97.6,96.01,96.35,376709
2026-07-09,96.3,96.67,94.9,95.18,176142
2026-07-10,95.235,95.87,95.12,95.61,110240
2026-07-13,96.49,96.93,95.87,96.49,121503
2026-07-14,96.85,97.24,95.755,95.945,155443
2026-07-15,95.81,96.39,94.455,94.595,159196
2026-07-16,94.84,96.1,94.83,96.06,179440
2026-07-17,97.105,98.26,95.155,95.31,214146
2026-07-20,95.75,96.3,94.52,94.74,119624
